{
  "best_val_auc": 0.7533890260177019,
  "test_auc": 0.7476985964118475,
  "test_f1": 0.5186058997087922,
  "best_threshold": 0.32165461778640747,
  "config": {}
}