{
  "best_val_auc": 0.5573389097980797,
  "test_auc": 0.5628028750081453,
  "input_dim": 17
}