{
  "best_val_auc": 0.6476397720414977,
  "test_auc": 0.6379476861162668,
  "test_f1": 0.028894308544220038,
  "num_items": 577115,
  "embed_dim": 32,
  "config": {}
}